insert into loaisp (maloai, tenloai) values ('1', 'Full-face');
insert into loaisp (maloai, tenloai) values ('2', 'Half-face');
insert into loaisp (maloai, tenloai) values ('3', 'Modular');
insert into loaisp (maloai, tenloai) values ('4', 'Off-road');
insert into nhacungcap (mancc, tenncc, sdt, diachi, email) values ('tx87', 'Reallinks', '7307263378', '64156 Mendota Road', 'kmorgan0@fema.gov');
insert into nhacungcap (mancc, tenncc, sdt, diachi, email) values ('jy40', 'Photobug', '8056460937', '46 Jackson Street', 'speyton1@webmd.com');
insert into nhacungcap (mancc, tenncc, sdt, diachi, email) values ('ue25', 'Twitterworks', '7002745926', '449 Warrior Pass', 'emewton2@shop-pro.jp');
insert into nhacungcap (mancc, tenncc, sdt, diachi, email) values ('kk68', 'Meejo', '5597997763', '338 Orin Center', 'gprestwich3@angelfire.com');
insert into nhacungcap (mancc, tenncc, sdt, diachi, email) values ('jn97', 'Tagfeed', '7919990081', '81659 Mayfield Hill', 'ablackadder4@google.fr');
insert into nhacungcap (mancc, tenncc, sdt, diachi, email) values ('jg90', 'Browsetype', '9852641187', '92880 Menomonie Hill', 'hjakoubek5@hhs.gov');
insert into nhacungcap (mancc, tenncc, sdt, diachi, email) values ('by39', 'Skivee', '4448653163', '7 Summit Trail', 'mcalkin6@narod.ru');
insert into nhacungcap (mancc, tenncc, sdt, diachi, email) values ('kx28', 'Oyoyo', '3914168191', '7620 Bayside Avenue', 'vcobelli7@dropbox.com');
insert into nhacungcap (mancc, tenncc, sdt, diachi, email) values ('uy42', 'Oodoo', '4975696927', '9422 Blaine Plaza', 'rcorwood8@bbb.org');
insert into nhacungcap (mancc, tenncc, sdt, diachi, email) values ('ju90', 'Fliptune', '9224887102', '267 Weeping Birch Trail', 'dburrell9@is.gd');
insert into nhacungcap (mancc, tenncc, sdt, diachi, email) values ('ux98', 'Divavu', '4386032507', '404 Talmadge Lane', 'gwillshirea@ning.com');
insert into nhacungcap (mancc, tenncc, sdt, diachi, email) values ('cr35', 'Brainlounge', '2655370391', '52 Colorado Plaza', 'wleserb@joomla.org');
insert into nhacungcap (mancc, tenncc, sdt, diachi, email) values ('cm42', 'Roomm', '8878576455', '14166 Dennis Street', 'wcolbronc@smugmug.com');
insert into nhacungcap (mancc, tenncc, sdt, diachi, email) values ('yd83', 'Twinte', '8185083388', '6 Kedzie Road', 'mdemarsd@washington.edu');
insert into nhacungcap (mancc, tenncc, sdt, diachi, email) values ('fk68', 'Fivespan', '9532718561', '90 Farmco Pass', 'btargettere@canalblog.com');
insert into nhacungcap (mancc, tenncc, sdt, diachi, email) values ('rj23', 'Oyondu', '9359156576', '44 Dwight Center', 'cvanderhoogf@ucsd.edu');
insert into nhacungcap (mancc, tenncc, sdt, diachi, email) values ('ag87', 'Feedfish', '5112810051', '83741 Fairview Alley', 'wwymang@berkeley.edu');
insert into nhacungcap (mancc, tenncc, sdt, diachi, email) values ('cm54', 'Meedoo', '8447221633', '12170 Pennsylvania Place', 'gkeuneh@artisteer.com');
insert into nhacungcap (mancc, tenncc, sdt, diachi, email) values ('wz54', 'Blogpad', '9296732359', '93250 Knutson Road', 'ssavini@webnode.com');
insert into nhacungcap (mancc, tenncc, sdt, diachi, email) values ('gy62', 'Jabberbean', '8222861745', '63 Hooker Junction', 'gevillj@shinystat.com');
insert into sanpham (masp, gia, hinhanh, tensp, slt, spmoi, maloai, mancc) values ('1', 211000, '1.jpg', 'Beach Pine', 58, 21, 3, 'rj23');
insert into sanpham (masp, gia, hinhanh, tensp, slt, spmoi, maloai, mancc) values ('2', 830000, '2.jpg', 'Greater Water Dock', 36, 73, 1, 'tx87');
insert into sanpham (masp, gia, hinhanh, tensp, slt, spmoi, maloai, mancc) values ('3', 669000, '3.jpg', 'Imbricate Wreath Lichen', 27, 88, 3, 'cm54');
insert into sanpham (masp, gia, hinhanh, tensp, slt, spmoi, maloai, mancc) values ('4', 274000, '4.jpg', 'Flatspine Stickseed', 89, 10, 4, 'rj23');
insert into sanpham (masp, gia, hinhanh, tensp, slt, spmoi, maloai, mancc) values ('5', 284000, '5.jpg', 'Winged Panicgrass', 68, 36, 4, 'cm54');
insert into sanpham (masp, gia, hinhanh, tensp, slt, spmoi, maloai, mancc) values ('6', 757000, '6.jpg', 'Peganum', 89, 7, 1, 'cm54');
insert into sanpham (masp, gia, hinhanh, tensp, slt, spmoi, maloai, mancc) values ('7', 132000, '7.jpg', 'Brazilian Morning-glory', 91, 60, 4, 'tx87');
insert into sanpham (masp, gia, hinhanh, tensp, slt, spmoi, maloai, mancc) values ('8', 430000, '8.jpg', 'Big Horn Fleabane', 60, 46, 4, 'jg90');
insert into sanpham (masp, gia, hinhanh, tensp, slt, spmoi, maloai, mancc) values ('9', 698000, '9.jpg', 'Didymodon Moss', 75, 14, 4, 'jg90');
insert into sanpham (masp, gia, hinhanh, tensp, slt, spmoi, maloai, mancc) values ('10', 751000, '10.jpg', 'Blue Ridge Sedge', 73, 12, 2, 'yd83');
insert into sanpham (masp, gia, hinhanh, tensp, slt, spmoi, maloai, mancc) values ('11', 613000, '11.jpg', 'Early Bluegrass', 37, 95, 3, 'cm54');
insert into sanpham (masp, gia, hinhanh, tensp, slt, spmoi, maloai, mancc) values ('12', 874000, '12.jpg', 'Bigelow''s Sedge', 5, 98, 4, 'cm42');
insert into sanpham (masp, gia, hinhanh, tensp, slt, spmoi, maloai, mancc) values ('13', 833000, '13.jpg', 'Many-flower Linanthus', 48, 63, 1, 'ju90');
insert into sanpham (masp, gia, hinhanh, tensp, slt, spmoi, maloai, mancc) values ('14', 604000, '14.jpg', 'Sanddune Chinchweed', 92, 62, 3, 'ux98');
insert into sanpham (masp, gia, hinhanh, tensp, slt, spmoi, maloai, mancc) values ('15', 187000, '15.jpg', 'Rattan''s Sandmat', 79, 65, 2, 'rj23');
insert into sanpham (masp, gia, hinhanh, tensp, slt, spmoi, maloai, mancc) values ('16', 411000, '16.jpg', 'Mongolian Pride-of-rochester', 16, 96, 4, 'rj23');
insert into sanpham (masp, gia, hinhanh, tensp, slt, spmoi, maloai, mancc) values ('17', 869000, '17.jpg', 'Judd''s Grass', 40, 73, 1, 'by39');
insert into sanpham (masp, gia, hinhanh, tensp, slt, spmoi, maloai, mancc) values ('18', 691000, '18.jpg', 'Hawai''i Poisonberry Tree', 2, 77, 1, 'fk68');
insert into sanpham (masp, gia, hinhanh, tensp, slt, spmoi, maloai, mancc) values ('19', 162000, '19.jpg', 'Arrow Bamboo', 47, 23, 3, 'kx28');
insert into sanpham (masp, gia, hinhanh, tensp, slt, spmoi, maloai, mancc) values ('20', 625000, '20.jpg', 'Holly Oak', 66, 33, 3, 'yd83');
insert into sanpham (masp, gia, hinhanh, tensp, slt, spmoi, maloai, mancc) values ('21', 767000, '21.jpg', 'Perfoliate Spineflower', 98, 34, 2, 'fk68');
insert into sanpham (masp, gia, hinhanh, tensp, slt, spmoi, maloai, mancc) values ('22', 378000, '22.jpg', 'Nile Grass', 70, 45, 4, 'cr35');
insert into sanpham (masp, gia, hinhanh, tensp, slt, spmoi, maloai, mancc) values ('23', 518000, '23.jpg', 'Slender Wild Cabbage', 19, 44, 1, 'rj23');
insert into sanpham (masp, gia, hinhanh, tensp, slt, spmoi, maloai, mancc) values ('24', 149000, '24.jpg', 'Columbian Monkshood', 100, 30, 3, 'rj23');
insert into sanpham (masp, gia, hinhanh, tensp, slt, spmoi, maloai, mancc) values ('25', 766000, '25.jpg', 'Grassleaf Roseling', 94, 85, 3, 'gy62');
insert into sanpham (masp, gia, hinhanh, tensp, slt, spmoi, maloai, mancc) values ('26', 859000, '26.jpg', 'Wolf Lichen', 87, 81, 4, 'fk68');
insert into sanpham (masp, gia, hinhanh, tensp, slt, spmoi, maloai, mancc) values ('27', 174000, '27.jpg', 'Pine Barren Sedge', 82, 87, 2, 'kx28');
insert into sanpham (masp, gia, hinhanh, tensp, slt, spmoi, maloai, mancc) values ('28', 270000, '28.jpg', 'California Spineflower', 20, 18, 1, 'jg90');
insert into sanpham (masp, gia, hinhanh, tensp, slt, spmoi, maloai, mancc) values ('29', 287000, '29.jpg', 'Peak Saxifrage', 5, 81, 2, 'cr35');
insert into sanpham (masp, gia, hinhanh, tensp, slt, spmoi, maloai, mancc) values ('30', 668000, '30.jpg', 'Navajo Yucca', 85, 27, 2, 'kk68');
insert into sanpham (masp, gia, hinhanh, tensp, slt, spmoi, maloai, mancc) values ('31', 368000, '31.jpg', 'Gorse', 4, 64, 2, 'jg90');
insert into sanpham (masp, gia, hinhanh, tensp, slt, spmoi, maloai, mancc) values ('32', 421000, '32.jpg', 'Kern Mallow', 23, 46, 3, 'rj23');
insert into sanpham (masp, gia, hinhanh, tensp, slt, spmoi, maloai, mancc) values ('33', 696000, '33.jpg', 'Sierra Stonecrop', 71, 59, 4, 'kk68');
insert into sanpham (masp, gia, hinhanh, tensp, slt, spmoi, maloai, mancc) values ('34', 143000, '34.jpg', 'Elizabeth''s Milkvetch', 39, 73, 1, 'fk68');
insert into sanpham (masp, gia, hinhanh, tensp, slt, spmoi, maloai, mancc) values ('35', 426000, '35.jpg', 'Payson''s Lousewort', 48, 16, 2, 'jn97');
insert into sanpham (masp, gia, hinhanh, tensp, slt, spmoi, maloai, mancc) values ('36', 646000, '36.jpg', 'Duchesne Milkvetch', 8, 89, 1, 'by39');
insert into sanpham (masp, gia, hinhanh, tensp, slt, spmoi, maloai, mancc) values ('37', 408000, '37.jpg', 'Virginia Winged Rockcress', 93, 34, 3, 'tx87');
insert into sanpham (masp, gia, hinhanh, tensp, slt, spmoi, maloai, mancc) values ('38', 251000, '38.jpg', 'Puerto Rico Quina', 32, 15, 4, 'jg90');
insert into sanpham (masp, gia, hinhanh, tensp, slt, spmoi, maloai, mancc) values ('39', 252000, '39.jpg', 'Desert Deervetch', 96, 52, 2, 'kk68');
insert into sanpham (masp, gia, hinhanh, tensp, slt, spmoi, maloai, mancc) values ('40', 333000, '40.jpg', 'Trujillo Coca', 82, 3, 2, 'yd83');
insert into sanpham (masp, gia, hinhanh, tensp, slt, spmoi, maloai, mancc) values ('41', 375000, '41.jpg', 'Aleutian Wormwood', 63, 63, 2, 'cr35');
insert into sanpham (masp, gia, hinhanh, tensp, slt, spmoi, maloai, mancc) values ('42', 714000, '42.jpg', 'Gymnosteris', 55, 62, 1, 'kk68');
insert into sanpham (masp, gia, hinhanh, tensp, slt, spmoi, maloai, mancc) values ('43', 798000, '43.jpg', 'Alabama Serviceberry', 85, 64, 4, 'kk68');
insert into sanpham (masp, gia, hinhanh, tensp, slt, spmoi, maloai, mancc) values ('44', 806000, '44.jpg', 'California Strawberry', 35, 78, 3, 'yd83');
insert into sanpham (masp, gia, hinhanh, tensp, slt, spmoi, maloai, mancc) values ('45', 892000, '45.jpg', 'Common Stickyseed', 19, 73, 2, 'jn97');
insert into sanpham (masp, gia, hinhanh, tensp, slt, spmoi, maloai, mancc) values ('46', 869000, '46.jpg', 'Betonyleaf Thoroughwort', 52, 61, 1, 'ju90');
insert into sanpham (masp, gia, hinhanh, tensp, slt, spmoi, maloai, mancc) values ('47', 500000, '47.jpg', 'Roughleaf Ricegrass', 62, 31, 2, 'cm42');
insert into sanpham (masp, gia, hinhanh, tensp, slt, spmoi, maloai, mancc) values ('48', 676000, '48.jpg', 'Willowleaf Meadowsweet', 60, 58, 1, 'cm54');
insert into sanpham (masp, gia, hinhanh, tensp, slt, spmoi, maloai, mancc) values ('49', 727000, '49.jpg', 'Rosewood', 53, 14, 1, 'jy40');
insert into sanpham (masp, gia, hinhanh, tensp, slt, spmoi, maloai, mancc) values ('50', 148000, '50.jpg', 'Shortleaf Lobelia', 12, 31, 3, 'wz54');